Review,Sentiment
"Excellent product, very useful and easy to use.",Positive
I am very happy with the quality.,Positive
Fast delivery and great packaging.,Positive
The product works perfectly.,Positive
Amazing value for money.,Positive
Good quality but delivery was a little late.,Positive
I love this product.,Positive
"Very disappointing, it stopped working quickly.",Negative
Poor quality and waste of money.,Negative
The item arrived damaged.,Negative
"Terrible experience, I will not buy again.",Negative
The product is uncomfortable and poorly made.,Negative
Customer support was not helpful.,Negative
The price is too high for this quality.,Negative
"It is okay, nothing special.",Neutral
Average product for the price.,Neutral
The product is neither good nor bad.,Neutral
"It works, but I expected more features.",Neutral
Delivery was normal and packaging was fine.,Neutral
The quality is acceptable.,Neutral
